,Name,Link,Affected Package,Description
0,Information Exposure in util-linux | CVE-2022-0563 | Snyk,https://www.cve.org/CVERecord?id=CVE-2022-0563,Debian:11,"A flaw was found in the util-linux chfn and chsh utilities when compiled with Readline support. The Readline library uses an ""INPUTRC"" environment variable to get a path to the library config file. When the library cannot parse the specified file, it prints an error message containing data from the file. This flaw allows an unprivileged user to read root-owned files, potentially leading to privilege escalation. This flaw affects util-linux versions prior to 2.37.4."
1,Out-of-bounds Read in tiff | CVE-2022-1056 | Snyk,https://www.cve.org/CVERecord?id=CVE-2022-1056,Debian:11,"Out-of-bounds Read error in tiffcrop in libtiff 4.3.0 allows attackers to cause a denial-of-service via a crafted tiff file. For users that compile libtiff from sources, the fix is available with commit 46dc8fcd."
2,Resource Exhaustion in tiff | CVE-2022-1210 | Snyk,https://www.cve.org/CVERecord?id=CVE-2022-1210,Debian:11,A vulnerability classified as problematic was found in LibTIFF 4.3.0. Affected by this vulnerability is the TIFF File Handler of tiff2ps. Opening a malicious file leads to a denial of service. The attack can be launched remotely but requires user interaction. The exploit has been disclosed to the public and may be used.
3,Out-of-bounds Read in tiff | CVE-2022-1354 | Snyk,https://www.cve.org/CVERecord?id=CVE-2022-1354,Debian:11,"A heap buffer overflow flaw was found in Libtiffs' tiffinfo.c in TIFFReadRawDataStriped() function. This flaw allows an attacker to pass a crafted TIFF file to the tiffinfo tool, triggering a heap buffer overflow issue and causing a crash that leads to a denial of service."
4,Stack-based Buffer Overflow in tiff | CVE-2022-1355 | Snyk,https://www.cve.org/CVERecord?id=CVE-2022-1355,Debian:11,"A stack buffer overflow flaw was found in Libtiffs' tiffcp.c in main() function. This flaw allows an attacker to pass a crafted TIFF file to the tiffcp tool, triggering a stack buffer overflow issue, possibly corrupting the memory, and causing a crash that leads to a denial of service."
5,Out-of-bounds Read in tiff | CVE-2022-1623 | Snyk,https://www.cve.org/CVERecord?id=CVE-2022-1623,Debian:11,"LibTIFF master branch has an out-of-bounds read in LZWDecode in libtiff/tif_lzw.c:624, allowing attackers to cause a denial-of-service via a crafted tiff file. For users that compile libtiff from sources, the fix is available with commit b4e79bfa."
6,Out-of-bounds Read in tiff | CVE-2022-1622 | Snyk,https://www.cve.org/CVERecord?id=CVE-2022-1622,Debian:11,"LibTIFF master branch has an out-of-bounds read in LZWDecode in libtiff/tif_lzw.c:619, allowing attackers to cause a denial-of-service via a crafted tiff file. For users that compile libtiff from sources, the fix is available with commit b4e79bfa."
7,Divide By Zero in tiff | CVE-2022-2056 | Snyk,https://www.cve.org/CVERecord?id=CVE-2022-2056,Debian:11,"Divide By Zero error in tiffcrop in libtiff 4.4.0 allows attackers to cause a denial-of-service via a crafted tiff file. For users that compile libtiff from sources, the fix is available with commit f3a5e010."
8,Divide By Zero in tiff | CVE-2022-2057 | Snyk,https://www.cve.org/CVERecord?id=CVE-2022-2057,Debian:11,"Divide By Zero error in tiffcrop in libtiff 4.4.0 allows attackers to cause a denial-of-service via a crafted tiff file. For users that compile libtiff from sources, the fix is available with commit f3a5e010."
9,Divide By Zero in tiff | CVE-2022-2058 | Snyk,https://www.cve.org/CVERecord?id=CVE-2022-2058,Debian:11,"Divide By Zero error in tiffcrop in libtiff 4.4.0 allows attackers to cause a denial-of-service via a crafted tiff file. For users that compile libtiff from sources, the fix is available with commit f3a5e010."
10,Out-of-bounds Write in tiff | CVE-2022-34526 | Snyk,https://www.cve.org/CVERecord?id=CVE-2022-34526,Debian:11,"A stack overflow was discovered in the _TIFFVGetField function of Tiffsplit v4.4.0. This vulnerability allows attackers to cause a Denial of Service (DoS) via a crafted TIFF file parsed by the ""tiffsplit"" or ""tiffcrop"" utilities."
11,Out-of-bounds Read in tiff | CVE-2022-2869 | Snyk,https://www.cve.org/CVERecord?id=CVE-2022-2869,Debian:11,"libtiff's tiffcrop tool has a uint32_t underflow which leads to out of bounds read and write in the extractContigSamples8bits routine. An attacker who supplies a crafted file to tiffcrop could trigger this flaw, most likely by tricking a user into opening the crafted file with tiffcrop. Triggering this flaw could cause a crash or potentially further exploitation."
12,Out-of-bounds Read in tiff | CVE-2022-2867 | Snyk,https://www.cve.org/CVERecord?id=CVE-2022-2867,Debian:11,"libtiff's tiffcrop utility has a uint32_t underflow that can lead to out of bounds read and write. An attacker who supplies a crafted file to tiffcrop (likely via tricking a user to run tiffcrop on it with certain parameters) could cause a crash or in some cases, further exploitation."
13,Improper Input Validation in tiff | CVE-2022-2868 | Snyk,https://www.cve.org/CVERecord?id=CVE-2022-2868,Debian:11,libtiff's tiffcrop utility has a improper input validation flaw that can lead to out of bounds read and ultimately cause a crash if an attacker is able to supply a crafted file to tiffcrop.
14,Out-of-bounds Read in tiff | CVE-2022-2953 | Snyk,https://www.cve.org/CVERecord?id=CVE-2022-2953,Debian:11,"LibTIFF 4.4.0 has an out-of-bounds read in extractImageSection in tools/tiffcrop.c:6905, allowing attackers to cause a denial-of-service via a crafted tiff file. For users that compile libtiff from sources, the fix is available with commit 48d6ece8."
15,Double Free in tiff | CVE-2022-2519 | Snyk,https://www.cve.org/CVERecord?id=CVE-2022-2519,Debian:11,There is a double free or corruption in rotateImage() at tiffcrop.c:8839 found in libtiff 4.4.0rc1
16,Reachable Assertion in tiff | CVE-2022-2520 | Snyk,https://www.cve.org/CVERecord?id=CVE-2022-2520,Debian:11,A flaw was found in libtiff 4.4.0rc1. There is a sysmalloc assertion fail in rotateImage() at tiffcrop.c:8621 that can cause program crash when reading a crafted input.
17,Release of Invalid Pointer or Reference in tiff | CVE-2022-2521 | Snyk,https://www.cve.org/CVERecord?id=CVE-2022-2521,Debian:11,It was found in libtiff 4.4.0rc1 that there is an invalid pointer free operation in TIFFClose() at tif_close.c:131 called by tiffcrop.c:2522 that can cause a program crash and denial of service while processing crafted input.
18,Out-of-bounds Read in tiff | CVE-2017-9117 | Snyk,https://www.cve.org/CVERecord?id=CVE-2017-9117,Debian:11,"In LibTIFF 4.0.7, the program processes BMP images without verifying that biWidth and biHeight in the bitmap-information header match the actual input, leading to a heap-based buffer over-read in bmp2tiff."
19,NULL Pointer Dereference in tiff | CVE-2018-10126 | Snyk,https://www.cve.org/CVERecord?id=CVE-2018-10126,Debian:11,LibTIFF 4.0.9 has a NULL pointer dereference in the jpeg_fdct_16x16 function in jfdctint.c.
20,Missing Release of Resource after Effective Lifetime in tiff | CVE-2017-16232 | Snyk,https://www.cve.org/CVERecord?id=CVE-2017-16232,Debian:11,"** DISPUTED ** LibTIFF 4.0.8 has multiple memory leak vulnerabilities, which allow attackers to cause a denial of service (memory consumption), as demonstrated by tif_open.c, tif_lzw.c, and tif_aux.c. NOTE: Third parties were unable to reproduce the issue."
21,Use After Free in tiff | CVE-2017-17973 | Snyk,https://www.cve.org/CVERecord?id=CVE-2017-17973,Debian:11,"** DISPUTED ** In LibTIFF 4.0.8, there is a heap-based use-after-free in the t2p_writeproc function in tiff2pdf.c. NOTE: there is a third-party report of inability to reproduce this issue."
22,Out-of-bounds Read in tiff | CVE-2017-5563 | Snyk,https://www.cve.org/CVERecord?id=CVE-2017-5563,Debian:11,LibTIFF version 4.0.7 is vulnerable to a heap-based buffer over-read in tif_lzw.c resulting in DoS or code execution via a crafted bmp image to tools/bmp2tiff.
23,Divide By Zero in tiff | CVE-2014-8130 | Snyk,https://www.cve.org/CVERecord?id=CVE-2014-8130,Debian:11,"The _TIFFmalloc function in tif_unix.c in LibTIFF 4.0.3 does not reject a zero size, which allows remote attackers to cause a denial of service (divide-by-zero error and application crash) via a crafted TIFF image that is mishandled by the TIFFWriteScanline function in tif_write.c, as demonstrated by tiffdither."
24,CVE-2005-2541 in tar | CVE-2005-2541 | Snyk,https://www.cve.org/CVERecord?id=CVE-2005-2541,Debian:11,"Tar 1.15.1 does not properly warn the user when extracting setuid or setgid files, which may allow local users or remote attackers to gain privileges."
25,Authentication Bypass in systemd | CVE-2020-13529 | Snyk,https://www.cve.org/CVERecord?id=CVE-2020-13529,Debian:11,An exploitable denial-of-service vulnerability exists in Systemd 245. A specially crafted DHCP FORCERENEW packet can cause a server running the DHCP client to be vulnerable to a DHCP ACK spoofing attack. An attacker can forge a pair of FORCERENEW and DCHP ACK packets to reconfigure the server.
26,Off-by-one Error in systemd | CVE-2022-3821 | Snyk,https://www.cve.org/CVERecord?id=CVE-2022-3821,Debian:11,"An off-by-one Error issue was discovered in Systemd in format_timespan() function of time-util.c. An attacker could supply specific values for time and accuracy that leads to buffer overrun in format_timespan(), leading to a Denial of Service."
27,CVE-2022-4415 in systemd | CVE-2022-4415 | Snyk,https://www.cve.org/CVERecord?id=CVE-2022-4415,Debian:11,A vulnerability was found in systemd. This security flaw can cause a local information leak due to systemd-coredump not respecting the fs.suid_dumpable kernel setting.
28,Link Following in systemd | CVE-2013-4392 | Snyk,https://www.cve.org/CVERecord?id=CVE-2013-4392,Debian:11,"systemd, when updating file permissions, allows local users to change the permissions and SELinux security contexts for arbitrary files via a symlink attack on unspecified files."
29,Out-of-bounds Read in sqlite3 | CVE-2021-36690 | Snyk,https://www.cve.org/CVERecord?id=CVE-2021-36690,Debian:11,"** DISPUTED ** A segmentation fault can occur in the sqlite3.exe command-line component of SQLite 3.36.0 via the idxGetTableInfo function when there is a crafted SQL query. NOTE: the vendor disputes the relevance of this report because a sqlite3.exe user already has full privileges (e.g., is intentionally allowed to execute commands). This report does NOT imply any problem in the SQLite library."
30,Memory Leak in sqlite3 | CVE-2021-45346 | Snyk,https://www.cve.org/CVERecord?id=CVE-2021-45346,Debian:11,"** DISPUTED ** A Memory Leak vulnerability exists in SQLite Project SQLite3 3.35.1 and 3.37.0 via maliciously crafted SQL Queries (made via editing the Database File), it is possible to query a record, and leak subsequent bytes of memory that extend beyond the record, which could let a malicious user obtain sensitive information. NOTE: The developer disputes this as a vulnerability stating that If you give SQLite a corrupted database file and submit a query against the database, it might read parts of the database that you did not intend or expect."
31,Improper Validation of Array Index in sqlite3 | CVE-2022-35737 | Snyk,https://www.cve.org/CVERecord?id=CVE-2022-35737,Debian:11,SQLite 1.0.12 through 3.39.x before 3.39.2 sometimes allows an array-bounds overflow if billions of bytes are used in a string argument to a C API.
32,Access Restriction Bypass in shadow | CVE-2007-5686 | Snyk,https://www.cve.org/CVERecord?id=CVE-2007-5686,Debian:11,"initscripts in rPath Linux 1 sets insecure permissions for the /var/log/btmp file, which allows local users to obtain sensitive information regarding authentication attempts.  NOTE: because sshd detects the insecure permissions and does not log certain events, this also prevents sshd from logging failed authentication attempts by remote attackers."
33,Time-of-check Time-of-use (TOCTOU) in shadow | CVE-2013-4235 | Snyk,https://www.cve.org/CVERecord?id=CVE-2013-4235,Debian:11,shadow: TOCTOU (time-of-check time-of-use) race condition when copying and removing directory trees
34,Incorrect Permission Assignment for Critical Resource in shadow | CVE-2019-19882 | Snyk,https://www.cve.org/CVERecord?id=CVE-2019-19882,Debian:11,"shadow 4.8, in certain circumstances affecting at least Gentoo, Arch Linux, and Void Linux, allows local users to obtain root access because setuid programs are misconfigured. Specifically, this affects shadow 4.8 when compiled using --with-libpam but without explicitly passing --disable-account-tools-setuid, and without a PAM configuration suitable for use with setuid account management tools. This combination leads to account management tools (groupadd, groupdel, groupmod, useradd, userdel, usermod) that can easily be used by unprivileged local users to escalate privileges to root in multiple ways. This issue became much more relevant in approximately December 2019 when an unrelated bug was fixed (i.e., the chmod calls to suidusbins were fixed in the upstream Makefile which is now included in the release version 4.8)."
35,Missing Authorization in rsync | CVE-2022-29154 | Snyk,https://www.cve.org/CVERecord?id=CVE-2022-29154,Debian:11,"An issue was discovered in rsync before 3.2.5 that allows malicious remote servers to write arbitrary files inside the directories of connecting peers. The server chooses which files/directories are sent to the client. However, the rsync client performs insufficient validation of file names. A malicious rsync server (or Man-in-The-Middle attacker) can overwrite arbitrary files in the rsync client target directory and subdirectories (for example, overwrite the .ssh/authorized_keys file)."
36,Out-of-bounds Write in re2c | CVE-2022-23901 | Snyk,https://www.cve.org/CVERecord?id=CVE-2022-23901,Debian:11,A stack overflow re2c 2.2 exists due to infinite recursion issues in src/dfa/dead_rules.cc.
37,Uncontrolled Recursion in re2c | CVE-2018-21232 | Snyk,https://www.cve.org/CVERecord?id=CVE-2018-21232,Debian:11,re2c before 2.0 has uncontrolled recursion that causes stack consumption in find_fixed_tags.
38,Improper Verification of Cryptographic Signature in perl | CVE-2020-16156 | Snyk,https://www.cve.org/CVERecord?id=CVE-2020-16156,Debian:11,CPAN 2.28 allows Signature Verification Bypass.
39,Link Following in perl | CVE-2011-4116 | Snyk,https://www.cve.org/CVERecord?id=CVE-2011-4116,Debian:11,_is_safe in the File::Temp module for Perl does not properly handle symlinks.
40,Out-of-Bounds in pcre3 | CVE-2017-7245 | Snyk,https://www.cve.org/CVERecord?id=CVE-2017-7245,Debian:11,Stack-based buffer overflow in the pcre32_copy_substring function in pcre_get.c in libpcre1 in PCRE 8.40 allows remote attackers to cause a denial of service (WRITE of size 4) or possibly have unspecified other impact via a crafted file.
41,Out-of-Bounds in pcre3 | CVE-2017-16231 | Snyk,https://www.cve.org/CVERecord?id=CVE-2017-16231,Debian:11,"** DISPUTED ** In PCRE 8.41, after compiling, a pcretest load test PoC produces a crash overflow in the function match() in pcre_exec.c because of a self-recursive call. NOTE: third parties dispute the relevance of this report, noting that there are options that can be used to limit the amount of stack that is used."
42,Uncontrolled Recursion in pcre3 | CVE-2017-11164 | Snyk,https://www.cve.org/CVERecord?id=CVE-2017-11164,Debian:11,"In PCRE 8.41, the OP_KETRMAX feature in the match function in pcre_exec.c allows stack exhaustion (uncontrolled recursion) when processing a crafted regular expression."
43,Out-of-Bounds in pcre3 | CVE-2017-7246 | Snyk,https://www.cve.org/CVERecord?id=CVE-2017-7246,Debian:11,Stack-based buffer overflow in the pcre32_copy_substring function in pcre_get.c in libpcre1 in PCRE 8.40 allows remote attackers to cause a denial of service (WRITE of size 268) or possibly have unspecified other impact via a crafted file.
44,Out-of-bounds Read in pcre3 | CVE-2019-20838 | Snyk,https://www.cve.org/CVERecord?id=CVE-2019-20838,Debian:11,"libpcre in PCRE before 8.43 allows a subject buffer over-read in JIT when UTF is disabled, and \X or \R has more than one fixed quantifier, a related issue to CVE-2019-20454."
45,Release of Invalid Pointer or Reference in patch | CVE-2021-45261 | Snyk,https://www.cve.org/CVERecord?id=CVE-2021-45261,Debian:11,"An Invalid Pointer vulnerability exists in GNU patch 2.7 via the another_hunk function, which causes a Denial of Service."
46,NULL Pointer Dereference in patch | CVE-2018-6951 | Snyk,https://www.cve.org/CVERecord?id=CVE-2018-6951,Debian:11,"An issue was discovered in GNU patch through 2.7.6. There is a segmentation fault, associated with a NULL pointer dereference, leading to a denial of service in the intuit_diff_type function in pch.c, aka a ""mangled rename"" issue."
47,Directory Traversal in patch | CVE-2010-4651 | Snyk,https://www.cve.org/CVERecord?id=CVE-2010-4651,Debian:11,"Directory traversal vulnerability in util.c in GNU patch 2.6.1 and earlier allows user-assisted remote attackers to create or overwrite arbitrary files via a filename that is specified with a .. (dot dot) or full pathname, a related issue to CVE-2010-1679."
48,Double Free in patch | CVE-2018-6952 | Snyk,https://www.cve.org/CVERecord?id=CVE-2018-6952,Debian:11,A double free exists in the another_hunk function in pch.c in GNU patch through 2.7.6.
49,Inadequate Encryption Strength in openssl | CVE-2022-2097 | Snyk,https://www.cve.org/CVERecord?id=CVE-2022-2097,Debian:11,"AES OCB mode for 32-bit x86 platforms using the AES-NI assembly optimised implementation will not encrypt the entirety of the data under some circumstances. This could reveal sixteen bytes of data that was preexisting in the memory that wasn't written. In the special case of ""in place"" encryption, sixteen bytes of the plaintext would be revealed. Since OpenSSL does not support OCB based cipher suites for TLS and DTLS, they are both unaffected. Fixed in OpenSSL 3.0.5 (Affected 3.0.0-3.0.4). Fixed in OpenSSL 1.1.1q (Affected 1.1.1-1.1.1p)."
50,Cryptographic Issues in openssl | CVE-2007-6755 | Snyk,https://www.cve.org/CVERecord?id=CVE-2007-6755,Debian:11,"The NIST SP 800-90A default statement of the Dual Elliptic Curve Deterministic Random Bit Generation (Dual_EC_DRBG) algorithm contains point Q constants with a possible relationship to certain ""skeleton key"" values, which might allow context-dependent attackers to defeat cryptographic protection mechanisms by leveraging knowledge of those values.  NOTE: this is a preliminary CVE for Dual_EC_DRBG; future research may provide additional details about point Q and associated attacks, and could potentially lead to a RECAST or REJECT of this CVE."
51,Cryptographic Issues in openssl | CVE-2010-0928 | Snyk,https://www.cve.org/CVERecord?id=CVE-2010-0928,Debian:11,"OpenSSL 0.9.8i on the Gaisler Research LEON3 SoC on the Xilinx Virtex-II Pro FPGA uses a Fixed Width Exponentiation (FWE) algorithm for certain signature calculations, and does not verify the signature before providing it to a caller, which makes it easier for physically proximate attackers to determine the private key via a modified supply voltage for the microprocessor, related to a ""fault-based attack."""
52,Improper Initialization in openldap | CVE-2017-14159 | Snyk,https://www.cve.org/CVERecord?id=CVE-2017-14159,Debian:11,"slapd in OpenLDAP 2.4.45 and earlier creates a PID file after dropping privileges to a non-root account, which might allow local users to kill arbitrary processes by leveraging access to this non-root account for PID file modification before a root script executes a ""kill cat /pathname"" command, as demonstrated by openldap-initscript."
53,Out-of-Bounds in openldap | CVE-2017-17740 | Snyk,https://www.cve.org/CVERecord?id=CVE-2017-17740,Debian:11,"contrib/slapd-modules/nops/nops.c in OpenLDAP through 2.4.45, when both the nops module and the memberof overlay are enabled, attempts to free a buffer that was allocated on the stack, which allows remote attackers to cause a denial of service (slapd crash) via a member MODDN operation."
54,Cryptographic Issues in openldap | CVE-2015-3276 | Snyk,https://www.cve.org/CVERecord?id=CVE-2015-3276,Debian:11,"The nss_parse_ciphers function in libraries/libldap/tls_m.c in OpenLDAP does not properly parse OpenSSL-style multi-keyword mode cipher strings, which might cause a weaker than intended cipher to be used and allow remote attackers to have unspecified impact via unknown vectors."
55,Improper Certificate Validation in openldap | CVE-2020-15719 | Snyk,https://www.cve.org/CVERecord?id=CVE-2020-15719,Debian:11,"libldap in certain third-party OpenLDAP packages has a certificate-validation flaw when the third-party package is asserting RFC6125 support. It considers CN even when there is a non-matching subjectAltName (SAN). This is fixed in, for example, openldap-2.4.46-10.el8 in Red Hat Enterprise Linux."
56,Integer Overflow or Wraparound in openjpeg2 | CVE-2021-29338 | Snyk,https://www.cve.org/CVERecord?id=CVE-2021-29338,Debian:11,"Integer Overflow in OpenJPEG v2.4.0 allows remote attackers to crash the application, causing a Denial of Service (DoS). This occurs when the attacker uses the command line option ""-ImgDir"" on a directory that contains 1048576 files."
57,Out-of-bounds Write in openjpeg2 | CVE-2021-3575 | Snyk,https://www.cve.org/CVERecord?id=CVE-2021-3575,Debian:11,A heap-based buffer overflow was found in openjpeg in color.c:379:42 in sycc420_to_rgb when decompressing a crafted .j2k file. An attacker could use this to execute arbitrary code with the permissions of the application compiled against openjpeg.
58,Access of Uninitialized Pointer in openjpeg2 | CVE-2022-1122 | Snyk,https://www.cve.org/CVERecord?id=CVE-2022-1122,Debian:11,"A flaw was found in the opj2_decompress program in openjpeg2 2.4.0 in the way it handles an input directory with a large number of files. When it fails to allocate a buffer to store the filenames of the input directory, it calls free() on an uninitialized pointer, leading to a segmentation fault and a denial of service."
59,Integer Overflow or Wraparound in openjpeg2 | CVE-2016-9580 | Snyk,https://www.cve.org/CVERecord?id=CVE-2016-9580,Debian:11,"An integer overflow vulnerability was found in tiftoimage function in openjpeg 2.1.2, resulting in heap buffer overflow."
60,Allocation of Resources Without Limits or Throttling in openjpeg2 | CVE-2019-6988 | Snyk,https://www.cve.org/CVERecord?id=CVE-2019-6988,Debian:11,"An issue was discovered in OpenJPEG 2.3.0. It allows remote attackers to cause a denial of service (attempted excessive memory allocation) in opj_calloc in openjp2/opj_malloc.c, when called from opj_tcd_init_tile in openjp2/tcd.c, as demonstrated by the 64-bit opj_decompress."
61,Out-of-bounds Write in openjpeg2 | CVE-2018-16375 | Snyk,https://www.cve.org/CVERecord?id=CVE-2018-16375,Debian:11,An issue was discovered in OpenJPEG 2.3.0. Missing checks for header_info.height and header_info.width in the function pnmtoimage in bin/jpwl/convert.c can lead to a heap-based buffer overflow.
62,NULL Pointer Dereference in openjpeg2 | CVE-2016-10505 | Snyk,https://www.cve.org/CVERecord?id=CVE-2016-10505,Debian:11,"NULL pointer dereference vulnerabilities in the imagetopnm function in convert.c, sycc444_to_rgb function in color.c, color_esycc_to_rgb function in color.c, and sycc422_to_rgb function in color.c in OpenJPEG before 2.2.0 allow remote attackers to cause a denial of service (application crash) via crafted j2k files."
63,NULL Pointer Dereference in openjpeg2 | CVE-2016-9114 | Snyk,https://www.cve.org/CVERecord?id=CVE-2016-9114,Debian:11,There is a NULL Pointer Access in function imagetopnm of convert.c:1943(jp2) of OpenJPEG 2.1.2. image->comps[compno].data is not assigned a value after initialization(NULL). Impact is Denial of Service.
64,NULL Pointer Dereference in openjpeg2 | CVE-2016-9113 | Snyk,https://www.cve.org/CVERecord?id=CVE-2016-9113,Debian:11,There is a NULL pointer dereference in function imagetobmp of convertbmp.c:980 of OpenJPEG 2.1.2. image->comps[0].data is not assigned a value after initialization(NULL). Impact is Denial of Service.
65,Improper Input Validation in openjpeg2 | CVE-2018-20846 | Snyk,https://www.cve.org/CVERecord?id=CVE-2018-20846,Debian:11,"Out-of-bounds accesses in the functions pi_next_lrcp, pi_next_rlcp, pi_next_rpcl, pi_next_pcrl, pi_next_rpcl, and pi_next_cprl in openmj2/pi.c in OpenJPEG through 2.3.0 allow remote attackers to cause a denial of service (application crash)."
66,Out-of-bounds Write in openjpeg2 | CVE-2018-16376 | Snyk,https://www.cve.org/CVERecord?id=CVE-2018-16376,Debian:11,"An issue was discovered in OpenJPEG 2.3.0. A heap-based buffer overflow was discovered in the function t2_encode_packet in lib/openmj2/t2.c. The vulnerability causes an out-of-bounds write, which may lead to remote denial of service or possibly unspecified other impact."
67,Out-of-Bounds in openjpeg2 | CVE-2016-9581 | Snyk,https://www.cve.org/CVERecord?id=CVE-2016-9581,Debian:11,An infinite loop vulnerability in tiftoimage that results in heap buffer overflow in convert_32s_C1P1 was found in openjpeg 2.1.2.
68,NULL Pointer Dereference in openjpeg2 | CVE-2016-9117 | Snyk,https://www.cve.org/CVERecord?id=CVE-2016-9117,Debian:11,NULL Pointer Access in function imagetopnm of convert.c(jp2):1289 in OpenJPEG 2.1.2. Impact is Denial of Service. Someone must open a crafted j2k file.
69,Divide By Zero in openjpeg2 | CVE-2016-10506 | Snyk,https://www.cve.org/CVERecord?id=CVE-2016-10506,Debian:11,"Division-by-zero vulnerabilities in the functions opj_pi_next_cprl, opj_pi_next_pcrl, and opj_pi_next_rpcl in pi.c in OpenJPEG before 2.2.0 allow remote attackers to cause a denial of service (application crash) via crafted j2k files."
70,Out-of-bounds Write in openjpeg2 | CVE-2017-17479 | Snyk,https://www.cve.org/CVERecord?id=CVE-2017-17479,Debian:11,"In OpenJPEG 2.3.0, a stack-based buffer overflow was discovered in the pgxtoimage function in jpwl/convert.c. The vulnerability causes an out-of-bounds write, which may lead to remote denial of service or possibly remote code execution."
71,Out-of-Bounds in openjpeg2 | CVE-2016-9115 | Snyk,https://www.cve.org/CVERecord?id=CVE-2016-9115,Debian:11,Heap Buffer Over-read in function imagetotga of convert.c(jp2):942 in OpenJPEG 2.1.2. Impact is Denial of Service. Someone must open a crafted j2k file.
72,NULL Pointer Dereference in openjpeg2 | CVE-2016-9116 | Snyk,https://www.cve.org/CVERecord?id=CVE-2016-9116,Debian:11,NULL Pointer Access in function imagetopnm of convert.c:2226(jp2) in OpenJPEG 2.1.2. Impact is Denial of Service. Someone must open a crafted j2k file.
73,Integer Underflow in openexr | CVE-2021-26945 | Snyk,https://www.cve.org/CVERecord?id=CVE-2021-26945,Debian:11,An integer overflow leading to a heap-buffer overflow was found in OpenEXR in versions before 3.0.1. An attacker could use this flaw to crash an application compiled with OpenEXR.
74,Resource Exhaustion in openexr | CVE-2017-14988 | Snyk,https://www.cve.org/CVERecord?id=CVE-2017-14988,Debian:11,** DISPUTED ** Header::readfrom in IlmImf/ImfHeader.cpp in OpenEXR 2.2.0 allows remote attackers to cause a denial of service (excessive memory allocation) via a crafted file that is accessed with the ImfOpenInputFile function in IlmImf/ImfCRgbaFile.cpp. NOTE: The maintainer and multiple third parties believe that this vulnerability isn't valid.
75,Out-of-bounds Write in ncurses | CVE-2021-39537 | Snyk,https://www.cve.org/CVERecord?id=CVE-2021-39537,Debian:11,An issue was discovered in ncurses through v6.2-1. _nc_captoinfo in captoinfo.c has a heap-based buffer overflow.
76,Out-of-bounds Read in ncurses | CVE-2022-29458 | Snyk,https://www.cve.org/CVERecord?id=CVE-2022-29458,Debian:11,ncurses 6.3 before patch 20220416 has an out-of-bounds read and segmentation violation in convert_strings in tinfo/read_entry.c in the terminfo library.
77,CVE-2008-1688 in m4 | CVE-2008-1688 | Snyk,https://www.cve.org/CVERecord?id=CVE-2008-1688,Debian:11,"Unspecified vulnerability in GNU m4 before 1.4.11 might allow context-dependent attackers to execute arbitrary code, related to improper handling of filenames specified with the -F option.  NOTE: it is not clear when this issue crosses privilege boundaries."
78,CVE-2008-1687 in m4 | CVE-2008-1687 | Snyk,https://www.cve.org/CVERecord?id=CVE-2008-1687,Debian:11,"The (1) maketemp and (2) mkstemp builtin functions in GNU m4 before 1.4.11 do not quote their output when a file is created, which might allow context-dependent attackers to trigger a macro expansion, leading to unspecified use of an incorrect filename."
79,Uncontrolled Recursion in lua5.3 | CVE-2021-43519 | Snyk,https://www.cve.org/CVERecord?id=CVE-2021-43519,Debian:11,Stack overflow in lua_resume of ldo.c in Lua Interpreter 5.1.0~5.4.4 allows attackers to perform a Denial of Service via a crafted script file.
80,Use After Free in lua5.3 | CVE-2019-6706 | Snyk,https://www.cve.org/CVERecord?id=CVE-2019-6706,Debian:11,"Lua 5.3.5 has a use-after-free in lua_upvaluejoin in lapi.c. For example, a crash outcome might be achieved by an attacker who is able to trigger a debug.upvaluejoin call in which the arguments have certain relationships."
81,Integer Underflow in lua5.3 | CVE-2020-24370 | Snyk,https://www.cve.org/CVERecord?id=CVE-2020-24370,Debian:11,"ldebug.c in Lua 5.4.0 allows a negation overflow and segmentation fault in getlocal and setlocal, as demonstrated by getlocal(3,2^31)."
82,Cross-site Scripting (XSS) in libxml2 | CVE-2016-3709 | Snyk,https://www.cve.org/CVERecord?id=CVE-2016-3709,Debian:11,Possible cross-site scripting vulnerability in libxml after commit 960f0e2.
83,Numeric Errors in libwmf | CVE-2007-3996 | Snyk,https://www.cve.org/CVERecord?id=CVE-2007-3996,Debian:11,"Multiple integer overflows in libgd in PHP before 5.2.4 allow remote attackers to cause a denial of service (application crash) and possibly execute arbitrary code via a large (1) srcW or (2) srcH value to the (a) gdImageCopyResized function, or a large (3) sy (height) or (4) sx (width) value to the (b) gdImageCreate or the (c) gdImageCreateTrueColor function."
84,Out-of-Bounds in libwmf | CVE-2009-3546 | Snyk,https://www.cve.org/CVERecord?id=CVE-2009-3546,Debian:11,"The _gdGetColors function in gd_gd.c in PHP 5.2.11 and 5.3.x before 5.3.1, and the GD Graphics Library 2.x, does not properly verify a certain colorsTotal structure member, which might allow remote attackers to conduct buffer overflow or buffer over-read attacks via a crafted GD file, a different vulnerability than CVE-2009-3293. NOTE: some of these details are obtained from third party information."
85,Resource Management Errors in libwmf | CVE-2007-3477 | Snyk,https://www.cve.org/CVERecord?id=CVE-2007-3477,Debian:11,The (a) imagearc and (b) imagefilledarc functions in GD Graphics Library (libgd) before 2.0.35 allow attackers to cause a denial of service (CPU consumption) via a large (1) start or (2) end angle degree value.
86,Numeric Errors in libwmf | CVE-2007-3476 | Snyk,https://www.cve.org/CVERecord?id=CVE-2007-3476,Debian:11,"Array index error in gd_gif_in.c in the GD Graphics Library (libgd) before 2.0.35 allows user-assisted remote attackers to cause a denial of service (crash and heap corruption) via large color index values in crafted image data, which results in a segmentation fault."
87,Integer Overflow or Wraparound in libwebp | CVE-2016-9085 | Snyk,https://www.cve.org/CVERecord?id=CVE-2016-9085,Debian:11,Multiple integer overflows in libwebp allows attackers to have unspecified impact via unknown vectors.
88,Use After Free in libsepol | CVE-2021-36085 | Snyk,https://www.cve.org/CVERecord?id=CVE-2021-36085,Debian:11,The CIL compiler in SELinux 3.2 has a use-after-free in __cil_verify_classperms (called from __verify_map_perm_classperms and hashtab_map).
89,Out-of-bounds Read in libsepol | CVE-2021-36087 | Snyk,https://www.cve.org/CVERecord?id=CVE-2021-36087,Debian:11,The CIL compiler in SELinux 3.2 has a heap-based buffer over-read in ebitmap_match_any (called indirectly from cil_check_neverallow). This occurs because there is sometimes a lack of checks for invalid statements in an optional block.
90,Use After Free in libsepol | CVE-2021-36084 | Snyk,https://www.cve.org/CVERecord?id=CVE-2021-36084,Debian:11,The CIL compiler in SELinux 3.2 has a use-after-free in __cil_verify_classperms (called from __cil_verify_classpermission and __cil_pre_verify_helper).
91,Use After Free in libsepol | CVE-2021-36086 | Snyk,https://www.cve.org/CVERecord?id=CVE-2021-36086,Debian:11,The CIL compiler in SELinux 3.2 has a use-after-free in cil_reset_classpermission (called from cil_reset_classperms_set and cil_reset_classperms_list).
92,Buffer Overflow in libpng1.6 | CVE-2021-4214 | Snyk,https://www.cve.org/CVERecord?id=CVE-2021-4214,Debian:11,"A heap overflow flaw was found in libpngs' pngimage.c program. This flaw allows an attacker with local network access to pass a specially crafted PNG file to the pngimage utility, causing an application to crash, leading to a denial of service."
93,Memory Leak in libpng1.6 | CVE-2019-6129 | Snyk,https://www.cve.org/CVERecord?id=CVE-2019-6129,Debian:11,"** DISPUTED ** png_create_info_struct in png.c in libpng 1.6.36 has a memory leak, as demonstrated by pngcp. NOTE: a third party has stated ""I don't think it is libpng's job to free this buffer."""
94,Out-of-bounds Write in libjpeg-turbo | CVE-2021-46822 | Snyk,https://www.cve.org/CVERecord?id=CVE-2021-46822,Debian:11,The PPM reader in libjpeg-turbo through 2.0.90 mishandles use of tjLoadImage for loading a 16-bit binary PPM file into a grayscale buffer and loading a 16-bit binary PGM file into an RGB buffer. This is related to a heap-based buffer overflow in the get_word_rgb_row function in rdppm.c.
95,Buffer Overflow in libheif | CVE-2020-23109 | Snyk,https://www.cve.org/CVERecord?id=CVE-2020-23109,Debian:11,"Buffer overflow vulnerability in function convert_colorspace in heif_colorconversion.cc in libheif v1.6.2, allows attackers to cause a denial of service and disclose sensitive information, via a crafted HEIF file."
96,Information Exposure in libgcrypt20 | CVE-2021-33560 | Snyk,https://www.cve.org/CVERecord?id=CVE-2021-33560,Debian:11,"Libgcrypt before 1.8.8 and 1.9.x before 1.9.3 mishandles ElGamal encryption because it lacks exponent blinding to address a side-channel attack against mpi_powm, and the window size is not chosen appropriately. This, for example, affects use of ElGamal in OpenPGP."
97,Use of a Broken or Risky Cryptographic Algorithm in libgcrypt20 | CVE-2018-6829 | Snyk,https://www.cve.org/CVERecord?id=CVE-2018-6829,Debian:11,"cipher/elgamal.c in Libgcrypt through 1.8.2, when used to encrypt messages directly, improperly encodes plaintexts, which allows attackers to obtain sensitive information by reading ciphertext data (i.e., it does not have semantic security in face of a ciphertext-only attack). The Decisional Diffie-Hellman (DDH) assumption does not hold for Libgcrypt's ElGamal implementation."
98,CVE-2020-21605 in libde265 | CVE-2020-21605 | Snyk,https://www.cve.org/CVERecord?id=CVE-2020-21605,Debian:11,"libde265 v1.0.4 contains a segmentation fault in the apply_sao_internal function, which can be exploited via a crafted a file."
99,Out-of-bounds Write in libde265 | CVE-2020-21597 | Snyk,https://www.cve.org/CVERecord?id=CVE-2020-21597,Debian:11,"libde265 v1.0.4 contains a heap buffer overflow in the mc_chroma function, which can be exploited via a crafted a file."
100,Out-of-bounds Write in libde265 | CVE-2020-21595 | Snyk,https://www.cve.org/CVERecord?id=CVE-2020-21595,Debian:11,"libde265 v1.0.4 contains a heap buffer overflow in the mc_luma function, which can be exploited via a crafted a file."
101,Out-of-bounds Write in libde265 | CVE-2020-21602 | Snyk,https://www.cve.org/CVERecord?id=CVE-2020-21602,Debian:11,"libde265 v1.0.4 contains a heap buffer overflow in the put_weighted_bipred_16_fallback function, which can be exploited via a crafted a file."
102,Out-of-bounds Write in libde265 | CVE-2020-21598 | Snyk,https://www.cve.org/CVERecord?id=CVE-2020-21598,Debian:11,"libde265 v1.0.4 contains a heap buffer overflow in the ff_hevc_put_unweighted_pred_8_sse function, which can be exploited via a crafted a file."
103,Out-of-bounds Write in libde265 | CVE-2020-21600 | Snyk,https://www.cve.org/CVERecord?id=CVE-2020-21600,Debian:11,"libde265 v1.0.4 contains a heap buffer overflow in the put_weighted_pred_avg_16_fallback function, which can be exploited via a crafted a file."
104,Out-of-bounds Write in libde265 | CVE-2020-21606 | Snyk,https://www.cve.org/CVERecord?id=CVE-2020-21606,Debian:11,"libde265 v1.0.4 contains a heap buffer overflow fault in the put_epel_16_fallback function, which can be exploited via a crafted a file."
105,Out-of-bounds Write in libde265 | CVE-2020-21601 | Snyk,https://www.cve.org/CVERecord?id=CVE-2020-21601,Debian:11,"libde265 v1.0.4 contains a stack buffer overflow in the put_qpel_fallback function, which can be exploited via a crafted a file."
106,Out-of-bounds Write in libde265 | CVE-2020-21594 | Snyk,https://www.cve.org/CVERecord?id=CVE-2020-21594,Debian:11,"libde265 v1.0.4 contains a heap buffer overflow in the put_epel_hv_fallback function, which can be exploited via a crafted a file."
107,Out-of-bounds Write in libde265 | CVE-2020-21599 | Snyk,https://www.cve.org/CVERecord?id=CVE-2020-21599,Debian:11,"libde265 v1.0.4 contains a heap buffer overflow in the de265_image::available_zscan function, which can be exploited via a crafted a file."
108,Buffer Overflow in libde265 | CVE-2020-21596 | Snyk,https://www.cve.org/CVERecord?id=CVE-2020-21596,Debian:11,"libde265 v1.0.4 contains a global buffer overflow in the decode_CABAC_bit function, which can be exploited via a crafted a file."
109,Out-of-bounds Write in libde265 | CVE-2020-21604 | Snyk,https://www.cve.org/CVERecord?id=CVE-2020-21604,Debian:11,"libde265 v1.0.4 contains a heap buffer overflow fault in the _mm_loadl_epi64 function, which can be exploited via a crafted a file."
110,Out-of-bounds Write in libde265 | CVE-2020-21603 | Snyk,https://www.cve.org/CVERecord?id=CVE-2020-21603,Debian:11,"libde265 v1.0.4 contains a heap buffer overflow in the put_qpel_0_0_fallback_16 function, which can be exploited via a crafted a file."
111,Use After Free in libde265 | CVE-2021-36408 | Snyk,https://www.cve.org/CVERecord?id=CVE-2021-36408,Debian:11,An issue was discovered in libde265 v1.0.8.There is a Heap-use-after-free in intrapred.h when decoding file using dec265.
112,Reachable Assertion in libde265 | CVE-2021-36409 | Snyk,https://www.cve.org/CVERecord?id=CVE-2021-36409,Debian:11,"There is an Assertion `scaling_list_pred_matrix_id_delta==1' failed at sps.cc:925 in libde265 v1.0.8 when decoding file, which allows attackers to cause a Denial of Service (DoS) by running the application with a crafted file or possibly have unspecified other impact."
113,Out-of-bounds Write in libde265 | CVE-2021-36410 | Snyk,https://www.cve.org/CVERecord?id=CVE-2021-36410,Debian:11,A stack-buffer-overflow exists in libde265 v1.0.8 via fallback-motion.cc in function put_epel_hv_fallback when running program dec265.
114,CVE-2021-36411 in libde265 | CVE-2021-36411 | Snyk,https://www.cve.org/CVERecord?id=CVE-2021-36411,Debian:11,"An issue has been found in libde265 v1.0.8 due to incorrect access control. A SEGV caused by a READ memory access in function derive_boundaryStrength of deblock.cc has occurred. The vulnerability causes a segmentation fault and application crash, which leads to remote denial of service."
115,CVE-2021-35452 in libde265 | CVE-2021-35452 | Snyk,https://www.cve.org/CVERecord?id=CVE-2021-35452,Debian:11,An Incorrect Access Control vulnerability exists in libde265 v1.0.8 due to a SEGV in slice.cc.
116,Out-of-bounds Write in libde265 | CVE-2022-1253 | Snyk,https://www.cve.org/CVERecord?id=CVE-2022-1253,Debian:11,Heap-based Buffer Overflow in GitHub repository strukturag/libde265 prior to and including 1.0.8. The fix is established in commit 8e89fe0e175d2870c39486fdd09250b230ec10b8 but does not yet belong to an official release.
117,CVE-2004-0971 in krb5 | CVE-2004-0971 | Snyk,https://www.cve.org/CVERecord?id=CVE-2004-0971,Debian:11,"The krb5-send-pr script in the kerberos5 (krb5) package in Trustix Secure Linux 1.5 through 2.1, and possibly other operating systems, allows local users to overwrite files via a symlink attack on temporary files."
118,Integer Overflow or Wraparound in krb5 | CVE-2018-5709 | Snyk,https://www.cve.org/CVERecord?id=CVE-2018-5709,Debian:11,"An issue was discovered in MIT Kerberos 5 (aka krb5) through 1.16. There is a variable ""dbentry->n_key_data"" in kadmin/dbutil/dump.c that can store 16-bit data but unknowingly the developer has assigned a ""u4"" variable to it, which is for 32-bit data. An attacker can use this vulnerability to affect other artifacts of the database as we know that a Kerberos database dump file contains trusted data."
119,Out-of-Bounds in jbigkit | CVE-2017-9937 | Snyk,https://www.cve.org/CVERecord?id=CVE-2017-9937,Debian:11,"In LibTIFF 4.0.8, there is a memory malloc failure in tif_jbig.c. A crafted TIFF document can lead to an abort resulting in a remote denial of service attack."
120,Out-of-bounds Read in jansson | CVE-2020-36325 | Snyk,https://www.cve.org/CVERecord?id=CVE-2020-36325,Debian:11,"** DISPUTED ** An issue was discovered in Jansson through 2.13.1. Due to a parsing error in json_loads, there's an out-of-bounds read-access bug. NOTE: the vendor reports that this only occurs when a programmer fails to follow the API specification."
121,Divide By Zero in imagemagick | CVE-2021-20241 | Snyk,https://www.cve.org/CVERecord?id=CVE-2021-20241,Debian:11,A flaw was found in ImageMagick in coders/jp2.c. An attacker who submits a crafted file that is processed by ImageMagick could trigger undefined behavior in the form of math division by zero. The highest threat from this vulnerability is to system availability.
122,Divide By Zero in imagemagick | CVE-2021-20245 | Snyk,https://www.cve.org/CVERecord?id=CVE-2021-20245,Debian:11,A flaw was found in ImageMagick in coders/webp.c. An attacker who submits a crafted file that is processed by ImageMagick could trigger undefined behavior in the form of math division by zero. The highest threat from this vulnerability is to system availability.
123,Divide By Zero in imagemagick | CVE-2021-20246 | Snyk,https://www.cve.org/CVERecord?id=CVE-2021-20246,Debian:11,A flaw was found in ImageMagick in MagickCore/resample.c. An attacker who submits a crafted file that is processed by ImageMagick could trigger undefined behavior in the form of math division by zero. The highest threat from this vulnerability is to system availability.
124,Divide By Zero in imagemagick | CVE-2021-20244 | Snyk,https://www.cve.org/CVERecord?id=CVE-2021-20244,Debian:11,A flaw was found in ImageMagick in MagickCore/visual-effects.c. An attacker who submits a crafted file that is processed by ImageMagick could trigger undefined behavior in the form of math division by zero. The highest threat from this vulnerability is to system availability.
125,Divide By Zero in imagemagick | CVE-2021-20243 | Snyk,https://www.cve.org/CVERecord?id=CVE-2021-20243,Debian:11,A flaw was found in ImageMagick in MagickCore/resize.c. An attacker who submits a crafted file that is processed by ImageMagick could trigger undefined behavior in the form of math division by zero. The highest threat from this vulnerability is to system availability.
126,Divide By Zero in imagemagick | CVE-2021-20309 | Snyk,https://www.cve.org/CVERecord?id=CVE-2021-20309,Debian:11,"A flaw was found in ImageMagick in versions before 7.0.11 and before 6.9.12, where a division by zero in WaveImage() of MagickCore/visual-effects.c may trigger undefined behavior via a crafted image file submitted to an application using ImageMagick. The highest threat from this vulnerability is to system availability."
127,Integer Overflow or Wraparound in imagemagick | CVE-2021-20312 | Snyk,https://www.cve.org/CVERecord?id=CVE-2021-20312,Debian:11,"A flaw was found in ImageMagick in versions 7.0.11, where an integer overflow in WriteTHUMBNAILImage of coders/thumbnail.c may trigger undefined behavior via a crafted image file that is submitted by an attacker and processed by an application using ImageMagick. The highest threat from this vulnerability is to system availability."
128,Information Exposure in imagemagick | CVE-2021-20313 | Snyk,https://www.cve.org/CVERecord?id=CVE-2021-20313,Debian:11,A flaw was found in ImageMagick in versions before 7.0.11. A potential cipher leak when the calculate signatures in TransformSignature is possible. The highest threat from this vulnerability is to data confidentiality.
129,Divide By Zero in imagemagick | CVE-2021-20311 | Snyk,https://www.cve.org/CVERecord?id=CVE-2021-20311,Debian:11,"A flaw was found in ImageMagick in versions before 7.0.11, where a division by zero in sRGBTransformImage() in the MagickCore/colorspace.c may trigger undefined behavior via a crafted image file that is submitted by an attacker processed by an application using ImageMagick. The highest threat from this vulnerability is to system availability."
130,Exposure of Resource to Wrong Sphere in imagemagick | CVE-2021-39212 | Snyk,https://www.cve.org/CVERecord?id=CVE-2021-39212,Debian:11,"ImageMagick is free software delivered as a ready-to-run binary distribution or as source code that you may use, copy, modify, and distribute in both open and proprietary applications. In affected versions and in certain cases, Postscript files could be read and written when specifically excluded by a module policy in policy.xml. ex. <policy domain=""module"" rights=""none"" pattern=""PS"" />. The issue has been resolved in ImageMagick 7.1.0-7 and in 6.9.12-22. Fortunately, in the wild, few users utilize the module policy and instead use the coder policy that is also our workaround recommendation: <policy domain=""coder"" rights=""none"" pattern=""{PS,EPI,EPS,EPSF,EPSI}"" />."
131,Improper Input Validation in imagemagick | CVE-2021-4219 | Snyk,https://www.cve.org/CVERecord?id=CVE-2021-4219,Debian:11,A flaw was found in ImageMagick. The vulnerability occurs due to improper use of open functions and leads to a denial of service. This flaw allows an attacker to crash the system.
132,Use After Free in imagemagick | CVE-2022-1114 | Snyk,https://www.cve.org/CVERecord?id=CVE-2022-1114,Debian:11,"A heap-use-after-free flaw was found in ImageMagick's RelinquishDCMInfo() function of dcm.c file. This vulnerability is triggered when an attacker passes a specially crafted DICOM image file to ImageMagick for conversion, potentially leading to information disclosure and a denial of service."
133,Out-of-bounds Write in imagemagick | CVE-2022-1115 | Snyk,https://www.cve.org/CVERecord?id=CVE-2022-1115,Debian:11,"A heap-buffer-overflow flaw was found in ImageMagickâ€™s PushShortPixel() function of quantum-private.h file. This vulnerability is triggered when an attacker passes a specially crafted TIFF image file to ImageMagick for conversion, potentially leading to a denial of service."
134,Buffer Overflow in imagemagick | CVE-2022-28463 | Snyk,https://www.cve.org/CVERecord?id=CVE-2022-28463,Debian:11,ImageMagick 7.1.0-27 is vulnerable to Buffer Overflow.
135,Integer Overflow or Wraparound in imagemagick | CVE-2022-32546 | Snyk,https://www.cve.org/CVERecord?id=CVE-2022-32546,Debian:11,"A vulnerability was found in ImageMagick, causing an outside the range of representable values of type 'unsigned long' at coders/pcl.c, when crafted or untrusted input is processed. This leads to a negative impact to application availability or other problems related to undefined behavior."
136,Integer Overflow or Wraparound in imagemagick | CVE-2022-32545 | Snyk,https://www.cve.org/CVERecord?id=CVE-2022-32545,Debian:11,"A vulnerability was found in ImageMagick, causing an outside the range of representable values of type 'unsigned char' at coders/psd.c, when crafted or untrusted input is processed. This leads to a negative impact to application availability or other problems related to undefined behavior."
137,Incorrect Type Conversion or Cast in imagemagick | CVE-2022-32547 | Snyk,https://www.cve.org/CVERecord?id=CVE-2022-32547,Debian:11,"In ImageMagick, there is load of misaligned address for type 'double', which requires 8 byte alignment and for type 'float', which requires 4 byte alignment at MagickCore/property.c. Whenever crafted or untrusted input is processed by ImageMagick, this causes a negative impact to application availability or other problems related to undefined behavior."
138,Memory Leak in imagemagick | CVE-2021-3574 | Snyk,https://www.cve.org/CVERecord?id=CVE-2021-3574,Debian:11,"A vulnerability was found in ImageMagick-7.0.11-5, where executing a crafted file with the convert command, ASAN detects memory leaks."
139,Out-of-bounds Write in imagemagick | CVE-2022-3213 | Snyk,https://www.cve.org/CVERecord?id=CVE-2022-3213,Debian:11,"A heap buffer overflow issue was found in ImageMagick. When an application processes a malformed TIFF file, it could lead to undefined behavior or a crash causing a denial of service."
140,CVE-2005-0406 in imagemagick | CVE-2005-0406 | Snyk,https://www.cve.org/CVERecord?id=CVE-2005-0406,Debian:11,"A design flaw in image processing software that modifies JPEG images might not modify the original EXIF thumbnail, which could lead to an information leak of potentially sensitive visual information that had been removed from the main JPEG image."
141,Resource Management Errors in imagemagick | CVE-2008-3134 | Snyk,https://www.cve.org/CVERecord?id=CVE-2008-3134,Debian:11,"Multiple unspecified vulnerabilities in GraphicsMagick before 1.2.4 allow remote attackers to cause a denial of service (crash, infinite loop, or memory consumption) via (a) unspecified vectors in the (1) AVI, (2) AVS, (3) DCM, (4) EPT, (5) FITS, (6) MTV, (7) PALM, (8) RLA, and (9) TGA decoder readers; and (b) the GetImageCharacteristics function in magick/image.c, as reachable from a crafted (10) PNG, (11) JPEG, (12) BMP, or (13) TIFF file."
142,Missing Release of Resource after Effective Lifetime in imagemagick | CVE-2017-11755 | Snyk,https://www.cve.org/CVERecord?id=CVE-2017-11755,Debian:11,The WritePICONImage function in coders/xpm.c in ImageMagick 7.0.6-4 allows remote attackers to cause a denial of service (memory leak) via a crafted file that is mishandled in an AcquireSemaphoreInfo call.
143,Resource Exhaustion in imagemagick | CVE-2018-15607 | Snyk,https://www.cve.org/CVERecord?id=CVE-2018-15607,Debian:11,"In ImageMagick 7.0.8-11 Q16, a tiny input file 0x50 0x36 0x36 0x36 0x36 0x4c 0x36 0x38 0x36 0x36 0x36 0x36 0x36 0x36 0x1f 0x35 0x50 0x00 can result in a hang of several minutes during which CPU and memory resources are consumed until ultimately an attempted large memory allocation fails. Remote attackers could leverage this vulnerability to cause a denial of service via a crafted file."
144,Missing Release of Resource after Effective Lifetime in imagemagick | CVE-2017-11754 | Snyk,https://www.cve.org/CVERecord?id=CVE-2017-11754,Debian:11,The WritePICONImage function in coders/xpm.c in ImageMagick 7.0.6-4 allows remote attackers to cause a denial of service (memory leak) via a crafted file that is mishandled in an OpenPixelCache call.
145,Out-of-Bounds in imagemagick | CVE-2017-7275 | Snyk,https://www.cve.org/CVERecord?id=CVE-2017-7275,Debian:11,The ReadPCXImage function in coders/pcx.c in ImageMagick 7.0.4.9 allows remote attackers to cause a denial of service (attempted large memory allocation and application crash) via a crafted file. NOTE: this vulnerability exists because of an incomplete fix for CVE-2016-8862 and CVE-2016-8866.
146,Out-of-bounds Read in imagemagick | CVE-2016-8678 | Snyk,https://www.cve.org/CVERecord?id=CVE-2016-8678,Debian:11,"The IsPixelMonochrome function in MagickCore/pixel-accessor.h in ImageMagick 7.0.3.0 allows remote attackers to cause a denial of service (out-of-bounds read and crash) via a crafted file.  NOTE: the vendor says ""This is a Q64 issue and we do not support Q64."""
147,Integer Overflow or Wraparound in harfbuzz | CVE-2022-33068 | Snyk,https://www.cve.org/CVERecord?id=CVE-2022-33068,Debian:11,An integer overflow in the component hb-ot-shape-fallback.cc of Harfbuzz v4.3.0 allows attackers to cause a Denial of Service (DoS) via unspecified vectors.
148,Improper Input Validation in gnutls28 | CVE-2011-3389 | Snyk,https://www.cve.org/CVERecord?id=CVE-2011-3389,Debian:11,"The SSL protocol, as used in certain configurations in Microsoft Windows and Microsoft Internet Explorer, Mozilla Firefox, Google Chrome, Opera, and other products, encrypts data by using CBC mode with chained initialization vectors, which allows man-in-the-middle attackers to obtain plaintext HTTP headers via a blockwise chosen-boundary attack (BCBA) on an HTTPS session, in conjunction with JavaScript code that uses (1) the HTML5 WebSocket API, (2) the Java URLConnection API, or (3) the Silverlight WebClient API, aka a ""BEAST"" attack."
149,Out-of-Bounds in glibc | CVE-2019-1010022 | Snyk,https://www.cve.org/CVERecord?id=CVE-2019-1010022,Debian:11,"** DISPUTED ** GNU Libc current is affected by: Mitigation bypass. The impact is: Attacker may bypass stack guard protection. The component is: nptl. The attack vector is: Exploit stack buffer overflow vulnerability and use this bypass vulnerability to bypass stack guard. NOTE: Upstream comments indicate ""this is being treated as a non-security bug and no real threat."""
150,Uncontrolled Recursion in glibc | CVE-2019-9192 | Snyk,https://www.cve.org/CVERecord?id=CVE-2019-9192,Debian:11,"** DISPUTED ** In the GNU C Library (aka glibc or libc6) through 2.29, check_dst_limits_calc_pos_1 in posix/regexec.c has Uncontrolled Recursion, as demonstrated by '(|)(\1\1)*' in grep, a different issue than CVE-2018-20796. NOTE: the software maintainer disputes that this is a vulnerability because the behavior occurs only with a crafted pattern."
151,Use of Insufficiently Random Values in glibc | CVE-2019-1010025 | Snyk,https://www.cve.org/CVERecord?id=CVE-2019-1010025,Debian:11,"** DISPUTED ** GNU Libc current is affected by: Mitigation bypass. The impact is: Attacker may guess the heap addresses of pthread_created thread. The component is: glibc. NOTE: the vendor's position is ""ASLR bypass itself is not a vulnerability."""
152,Information Exposure in glibc | CVE-2019-1010024 | Snyk,https://www.cve.org/CVERecord?id=CVE-2019-1010024,Debian:11,"** DISPUTED ** GNU Libc current is affected by: Mitigation bypass. The impact is: Attacker may bypass ASLR using cache of thread stack and heap. The component is: glibc. NOTE: Upstream comments indicate ""this is being treated as a non-security bug and no real threat."""
153,CVE-2019-1010023 in glibc | CVE-2019-1010023 | Snyk,https://www.cve.org/CVERecord?id=CVE-2019-1010023,Debian:11,"** DISPUTED ** GNU Libc current is affected by: Re-mapping current loaded library with malicious ELF file. The impact is: In worst case attacker may evaluate privileges. The component is: libld. The attack vector is: Attacker sends 2 ELF files to victim and asks to run ldd on it. ldd execute code. NOTE: Upstream comments indicate ""this is being treated as a non-security bug and no real threat."""
154,Uncontrolled Recursion in glibc | CVE-2018-20796 | Snyk,https://www.cve.org/CVERecord?id=CVE-2018-20796,Debian:11,"In the GNU C Library (aka glibc or libc6) through 2.29, check_dst_limits_calc_pos_1 in posix/regexec.c has Uncontrolled Recursion, as demonstrated by '(\227|)(\1\1|t1|\\2537)+' in grep."
155,Resource Management Errors in glibc | CVE-2010-4756 | Snyk,https://www.cve.org/CVERecord?id=CVE-2010-4756,Debian:11,"The glob implementation in the GNU C Library (aka glibc or libc6) allows remote authenticated users to cause a denial of service (CPU and memory consumption) via crafted glob expressions that do not match any pathnames, as demonstrated by glob expressions in STAT commands to an FTP daemon, a different vulnerability than CVE-2010-2632."
156,Cryptographic Issues in glib2.0 | CVE-2012-0039 | Snyk,https://www.cve.org/CVERecord?id=CVE-2012-0039,Debian:11,"** DISPUTED ** GLib 2.31.8 and earlier, when the g_str_hash function is used, computes hash values without restricting the ability to trigger hash collisions predictably, which allows context-dependent attackers to cause a denial of service (CPU consumption) via crafted input to an application that maintains a hash table.  NOTE: this issue may be disputed by the vendor; the existence of the g_str_hash function is not a vulnerability in the library, because callers of g_hash_table_new and g_hash_table_new_full can specify an arbitrary hash function that is appropriate for the application."
157,Out-of-bounds Write in freetype | CVE-2022-31782 | Snyk,https://www.cve.org/CVERecord?id=CVE-2022-31782,Debian:11,ftbench.c in FreeType Demo Programs through 2.12.1 has a heap-based buffer overflow.
158,XML External Entity (XXE) Injection in expat | CVE-2013-0340 | Snyk,https://www.cve.org/CVERecord?id=CVE-2013-0340,Debian:11,"expat 2.1.0 and earlier does not properly handle entities expansion unless an application developer uses the XML_SetEntityDeclHandler function, which allows remote attackers to cause a denial of service (resource consumption), send HTTP requests to intranet servers, or read arbitrary files via a crafted XML document, aka an XML External Entity (XXE) issue.  NOTE: it could be argued that because expat already provides the ability to disable external entity expansion, the responsibility for resolving this issue lies with application developers; according to this argument, this entry should be REJECTed, and each affected application would need its own CVE."
159,Out-of-bounds Read in e2fsprogs | CVE-2022-1304 | Snyk,https://www.cve.org/CVERecord?id=CVE-2022-1304,Debian:11,An out-of-bounds read/write vulnerability was found in e2fsprogs 1.46.5. This issue leads to a segmentation fault and possibly arbitrary code execution via a specially crafted filesystem.
160,Out-of-bounds Read in db5.3 | CVE-2019-8457 | Snyk,https://www.cve.org/CVERecord?id=CVE-2019-8457,Debian:11,SQLite3 from 3.6.0 to and including 3.27.2 is vulnerable to heap out-of-bound read in the rtreenode() function when handling invalid rtree tables.
161,Insufficiently Protected Credentials in curl | CVE-2021-22923 | Snyk,https://www.cve.org/CVERecord?id=CVE-2021-22923,Debian:11,"When curl is instructed to get content using the metalink feature, and a user name and password are used to download the metalink XML file, those same credentials are then subsequently passed on to each of the servers from which curl will download or try to download the contents from. Often contrary to the user's expectations and intentions and without telling the user it happened."
162,Improper Validation of Integrity Check Value in curl | CVE-2021-22922 | Snyk,https://www.cve.org/CVERecord?id=CVE-2021-22922,Debian:11,"When curl is instructed to download content using the metalink feature, thecontents is verified against a hash provided in the metalink XML file.The metalink XML file points out to the client how to get the same contentfrom a set of different URLs, potentially hosted by different servers and theclient can then download the file from one or several of them. In a serial orparallel manner.If one of the servers hosting the contents has been breached and the contentsof the specific file on that server is replaced with a modified payload, curlshould detect this when the hash of the file mismatches after a completeddownload. It should remove the contents and instead try getting the contentsfrom another URL. This is not done, and instead such a hash mismatch is onlymentioned in text and the potentially malicious content is kept in the file ondisk."
163,Cleartext Transmission of Sensitive Information in curl | CVE-2022-43551 | Snyk,https://www.cve.org/CVERecord?id=CVE-2022-43551,Debian:11,"A vulnerability exists in curl <7.87.0 HSTS check that could be bypassed to trick it to keep using HTTP. Using its HSTS support, curl can be instructed to use HTTPS instead of using an insecure clear-text HTTP step even when HTTP is provided in the URL. However, the HSTS mechanism could be bypassed if the host name in the given URL first uses IDN characters that get replaced to ASCII counterparts as part of the IDN conversion. Like using the character UTF-8 U+3002 (IDEOGRAPHIC FULL STOP) instead of the common ASCII full stop (U+002E) .. Then in a subsequent request, it does not detect the HSTS state and makes a clear text transfer. Because it would store the info IDN encoded but look for it IDN decoded."
164,CVE-2022-43552 in curl | CVE-2022-43552 | Snyk,https://www.cve.org/CVERecord?id=CVE-2022-43552,Debian:11,Â© 2023 Snyk Limited
165,Improper Input Validation in coreutils | CVE-2016-2781 | Snyk,https://www.cve.org/CVERecord?id=CVE-2016-2781,Debian:11,"chroot in GNU coreutils, when used with --userspec, allows local users to escape to the parent session via a crafted TIOCSTI ioctl call, which pushes characters to the terminal's input buffer."
166,Race Condition in coreutils | CVE-2017-18018 | Snyk,https://www.cve.org/CVERecord?id=CVE-2017-18018,Debian:11,"In GNU Coreutils through 8.29, chown-core.c in chown and chgrp does not prevent replacement of a plain file with a symlink during use of the POSIX ""-R -L"" options, which allows local users to modify the ownership of arbitrary files by leveraging a race condition."
167,Loop with Unreachable Exit Condition ('Infinite Loop') in cairo | CVE-2019-6462 | Snyk,https://www.cve.org/CVERecord?id=CVE-2019-6462,Debian:11,"An issue was discovered in cairo 1.16.0. There is an infinite loop in the function _arc_error_normalized in the file cairo-arc.c, related to _arc_max_angle_for_tolerance_normalized."
168,NULL Pointer Dereference in cairo | CVE-2017-7475 | Snyk,https://www.cve.org/CVERecord?id=CVE-2017-7475,Debian:11,Cairo version 1.15.4 is vulnerable to a NULL pointer dereference related to the FT_Load_Glyph and FT_Render_Glyph resulting in an application crash.
169,Out-of-bounds Write in cairo | CVE-2018-18064 | Snyk,https://www.cve.org/CVERecord?id=CVE-2018-18064,Debian:11,cairo through 1.15.14 has an out-of-bounds stack-memory write during processing of a crafted document by WebKitGTK+ because of the interaction between cairo-rectangular-scan-converter.c (the generate and render_rows functions) and cairo-image-compositor.c (the _cairo_image_spans_and_zero function).
170,Reachable Assertion in cairo | CVE-2019-6461 | Snyk,https://www.cve.org/CVERecord?id=CVE-2019-6461,Debian:11,An issue was discovered in cairo 1.16.0. There is an assertion problem in the function _cairo_arc_in_direction in the file cairo-arc.c.
171,Improper Handling of Exceptional Conditions in busybox | CVE-2021-28831 | Snyk,https://www.cve.org/CVERecord?id=CVE-2021-28831,Debian:11,"decompress_gunzip.c in BusyBox through 1.32.1 mishandles the error bit on the huft_build result pointer, with a resultant invalid free or segmentation fault, via malformed gzip data."
172,CVE-2021-42375 in busybox | CVE-2021-42375 | Snyk,https://www.cve.org/CVERecord?id=CVE-2021-42375,Debian:11,"An incorrect handling of a special element in Busybox's ash applet leads to denial of service when processing a crafted shell command, due to the shell mistaking specific characters for reserved characters. This may be used for DoS under rare conditions of filtered command input."
173,Use After Free in busybox | CVE-2021-42380 | Snyk,https://www.cve.org/CVERecord?id=CVE-2021-42380,Debian:11,A use-after-free in Busybox's awk applet leads to denial of service and possibly code execution when processing a crafted awk pattern in the clrvar function
174,NULL Pointer Dereference in busybox | CVE-2021-42373 | Snyk,https://www.cve.org/CVERecord?id=CVE-2021-42373,Debian:11,A NULL pointer dereference in Busybox's man applet leads to denial of service when a section name is supplied but no page argument is given
175,Use After Free in busybox | CVE-2021-42378 | Snyk,https://www.cve.org/CVERecord?id=CVE-2021-42378,Debian:11,A use-after-free in Busybox's awk applet leads to denial of service and possibly code execution when processing a crafted awk pattern in the getvar_i function
176,Use After Free in busybox | CVE-2021-42383 | Snyk,https://www.cve.org/CVERecord?id=CVE-2021-42383,Debian:11,A use-after-free in Busybox's awk applet leads to denial of service and possibly code execution when processing a crafted awk pattern in the evaluate function
177,Use After Free in busybox | CVE-2021-42381 | Snyk,https://www.cve.org/CVERecord?id=CVE-2021-42381,Debian:11,A use-after-free in Busybox's awk applet leads to denial of service and possibly code execution when processing a crafted awk pattern in the hash_init function
178,Out-of-bounds Read in busybox | CVE-2021-42374 | Snyk,https://www.cve.org/CVERecord?id=CVE-2021-42374,Debian:11,An out-of-bounds heap read in Busybox's unlzma applet leads to information leak and denial of service when crafted LZMA-compressed input is decompressed. This can be triggered by any applet/format that
179,Use After Free in busybox | CVE-2021-42384 | Snyk,https://www.cve.org/CVERecord?id=CVE-2021-42384,Debian:11,A use-after-free in Busybox's awk applet leads to denial of service and possibly code execution when processing a crafted awk pattern in the handle_special function
180,Use After Free in busybox | CVE-2021-42382 | Snyk,https://www.cve.org/CVERecord?id=CVE-2021-42382,Debian:11,A use-after-free in Busybox's awk applet leads to denial of service and possibly code execution when processing a crafted awk pattern in the getvar_s function
181,Use After Free in busybox | CVE-2021-42386 | Snyk,https://www.cve.org/CVERecord?id=CVE-2021-42386,Debian:11,A use-after-free in Busybox's awk applet leads to denial of service and possibly code execution when processing a crafted awk pattern in the nvalloc function
182,Use After Free in busybox | CVE-2021-42379 | Snyk,https://www.cve.org/CVERecord?id=CVE-2021-42379,Debian:11,A use-after-free in Busybox's awk applet leads to denial of service and possibly code execution when processing a crafted awk pattern in the next_input_file function
183,Release of Invalid Pointer or Reference in busybox | CVE-2021-42377 | Snyk,https://www.cve.org/CVERecord?id=CVE-2021-42377,Debian:11,"An attacker-controlled pointer free in Busybox's hush applet leads to denial of service and possible code execution when processing a crafted shell command, due to the shell mishandling the &&& string. This may be used for remote code execution under rare conditions of filtered command input."
184,NULL Pointer Dereference in busybox | CVE-2021-42376 | Snyk,https://www.cve.org/CVERecord?id=CVE-2021-42376,Debian:11,"A NULL pointer dereference in Busybox's hush applet leads to denial of service when processing a crafted shell command, due to missing validation after a \x03 delimiter character. This may be used for DoS under very rare conditions of filtered command input."
185,Use After Free in busybox | CVE-2021-42385 | Snyk,https://www.cve.org/CVERecord?id=CVE-2021-42385,Debian:11,A use-after-free in Busybox's awk applet leads to denial of service and possibly code execution when processing a crafted awk pattern in the evaluate function
186,CVE-2022-28391 in busybox | CVE-2022-28391 | Snyk,https://www.cve.org/CVERecord?id=CVE-2022-28391,Debian:11,"BusyBox through 1.35.0 allows remote attackers to execute arbitrary code if netstat is used to print a DNS PTR record's value to a VT compatible terminal. Alternatively, the attacker could choose to change the terminal's colors."
187,Use After Free in busybox | CVE-2022-30065 | Snyk,https://www.cve.org/CVERecord?id=CVE-2022-30065,Debian:11,A use-after-free in Busybox 1.35-x's awk applet leads to denial of service and possibly code execution when processing a crafted awk pattern in the copyvar function.
188,Improper Certificate Validation in busybox | CVE-2018-1000500 | Snyk,https://www.cve.org/CVERecord?id=CVE-2018-1000500,Debian:11,"Busybox contains a Missing SSL certificate validation vulnerability in The ""busybox wget"" applet that can result in arbitrary code execution. This attack appear to be exploitable via Simply download any file over HTTPS using ""busybox wget https://compromised-domain.com/important-file&#34;."
189,Out-of-bounds Write in binutils | CVE-2020-35448 | Snyk,https://www.cve.org/CVERecord?id=CVE-2020-35448,Debian:11,"An issue was discovered in the Binary File Descriptor (BFD) library (aka libbfd), as distributed in GNU Binutils 2.35.1. A heap-based buffer over-read can occur in bfd_getl_signed_32 in libbfd.c because sh_entsize is not validated in _bfd_elf_slurp_secondary_reloc_section in elf.c."
190,Link Following in binutils | CVE-2021-20197 | Snyk,https://www.cve.org/CVERecord?id=CVE-2021-20197,Debian:11,"There is an open race window when writing output in the following utilities in GNU binutils version 2.35 and earlier:ar, objcopy, strip, ranlib. When these utilities are run as a privileged user (presumably as part of a script updating binaries across different users), an unprivileged user can trick these utilities into getting ownership of arbitrary files through a symlink."
191,Out-of-Bounds in binutils | CVE-2021-20284 | Snyk,https://www.cve.org/CVERecord?id=CVE-2021-20284,Debian:11,"A flaw was found in GNU Binutils 2.35.1, where there is a heap-based buffer overflow in _bfd_elf_slurp_secondary_reloc_section in elf.c due to the number of symbols not calculated correctly. The highest threat from this vulnerability is to system availability."
192,Improper Input Validation in binutils | CVE-2021-3487 | Snyk,https://www.cve.org/CVERecord?id=CVE-2021-3487,Debian:11,"There's a flaw in the BFD library of binutils in versions before 2.36. An attacker who supplies a crafted file to an application linked with BFD, and using the DWARF functionality, could cause an impact to system availability by way of excessive memory consumption."
193,Uncontrolled Recursion in binutils | CVE-2021-3530 | Snyk,https://www.cve.org/CVERecord?id=CVE-2021-3530,Debian:11,"A flaw was discovered in GNU libiberty within demangle_path() in rust-demangle.c, as distributed in GNU Binutils version 2.36. A crafted symbol can cause stack memory to be exhausted leading to a crash."
194,Out-of-Bounds in binutils | CVE-2021-3549 | Snyk,https://www.cve.org/CVERecord?id=CVE-2021-3549,Debian:11,An out of bounds flaw was found in GNU binutils objdump utility version 2.36. An attacker could use this flaw and pass a large section to avr_elf32_load_records_from_section() probably resulting in a crash or in some cases memory corruption. The highest threat from this vulnerability is to integrity as well as system availability.
195,Out-of-bounds Write in binutils | CVE-2021-45078 | Snyk,https://www.cve.org/CVERecord?id=CVE-2021-45078,Debian:11,"stab_xcoff_builtin_type in stabs.c in GNU Binutils through 2.37 allows attackers to cause a denial of service (heap-based buffer overflow) or possibly have unspecified other impact, as demonstrated by an out-of-bounds write. NOTE: this issue exists because of an incorrect fix for CVE-2018-12699."
196,Uncontrolled Recursion in binutils | CVE-2021-46195 | Snyk,https://www.cve.org/CVERecord?id=CVE-2021-46195,Debian:11,GCC v12.0 was discovered to contain an uncontrolled recursion via the component libiberty/rust-demangle.c. This vulnerability allows attackers to cause a Denial of Service (DoS) by consuming excessive CPU and memory resources.
197,Out-of-bounds Write in binutils | CVE-2022-38533 | Snyk,https://www.cve.org/CVERecord?id=CVE-2022-38533,Debian:11,"In GNU Binutils before 2.40, there is a heap-buffer-overflow in the error function bfd_getl32 when called from the strip_main function in strip-new via a crafted file."
198,Out-of-Bounds in binutils | CVE-2021-3826 | Snyk,https://www.cve.org/CVERecord?id=CVE-2021-3826,Debian:11,Heap/stack buffer overflow in the dlang_lname function in d-demangle.c in libiberty allows attackers to potentially cause a denial of service (segmentation fault and crash) via a crafted mangled symbol.
199,NULL Pointer Dereference in binutils | CVE-2022-4285 | Snyk,https://www.cve.org/CVERecord?id=CVE-2022-4285,Debian:11,An illegal memory access flaw was found in the binutils package. Parsing an ELF file containing corrupt symbol version information may result in a denial of service. This issue is the result of an incomplete fix for CVE-2020-16599.
200,Allocation of Resources Without Limits or Throttling in binutils | CVE-2018-12934 | Snyk,https://www.cve.org/CVERecord?id=CVE-2018-12934,Debian:11,"remember_Ktype in cplus-dem.c in GNU libiberty, as distributed in GNU Binutils 2.30, allows attackers to trigger excessive memory consumption (aka OOM). This can occur during execution of cxxfilt."
201,Uncontrolled Recursion in binutils | CVE-2018-9996 | Snyk,https://www.cve.org/CVERecord?id=CVE-2018-9996,Debian:11,"An issue was discovered in cplus-dem.c in GNU libiberty, as distributed in GNU Binutils 2.30. Stack Exhaustion occurs in the C++ demangling functions provided by libiberty, and there are recursive stack frames: demangle_template_value_parm, demangle_integral_value, and demangle_expression."
202,Allocation of Resources Without Limits or Throttling in binutils | CVE-2017-13716 | Snyk,https://www.cve.org/CVERecord?id=CVE-2017-13716,Debian:11,"The C++ symbol demangler routine in cplus-dem.c in libiberty, as distributed in GNU Binutils 2.29, allows remote attackers to cause a denial of service (excessive memory allocation and application crash) via a crafted file, as demonstrated by a call from the Binary File Descriptor (BFD) library (aka libbfd)."
203,Use After Free in binutils | CVE-2018-20623 | Snyk,https://www.cve.org/CVERecord?id=CVE-2018-20623,Debian:11,"In GNU Binutils 2.31.1, there is a use-after-free in the error function in elfcomm.c when called from the process_archive function in readelf.c via a crafted ELF file."
204,Out-of-bounds Read in binutils | CVE-2018-20712 | Snyk,https://www.cve.org/CVERecord?id=CVE-2018-20712,Debian:11,"A heap-based buffer over-read exists in the function d_expression_1 in cp-demangle.c in GNU libiberty, as distributed in GNU Binutils 2.31.1. A crafted input can cause segmentation faults, leading to denial-of-service, as demonstrated by c++filt."
205,Out-of-bounds Write in binutils | CVE-2018-20673 | Snyk,https://www.cve.org/CVERecord?id=CVE-2018-20673,Debian:11,"The demangle_template function in cplus-dem.c in GNU libiberty, as distributed in GNU Binutils 2.31.1, contains an integer overflow vulnerability (for ""Create an array for saving the template argument values"") that can trigger a heap-based buffer overflow, as demonstrated by nm."
206,Improper Input Validation in binutils | CVE-2019-1010204 | Snyk,https://www.cve.org/CVERecord?id=CVE-2019-1010204,Debian:11,"GNU binutils gold gold v1.11-v1.16 (GNU binutils v2.21-v2.31.1) is affected by: Improper Input Validation, Signed/Unsigned Comparison, Out-of-bounds Read. The impact is: Denial of service. The component is: gold/fileread.cc:497, elfcpp/elfcpp_file.h:644. The attack vector is: An ELF file with an invalid e_shoff header field must be opened."
207,Integer Overflow or Wraparound in binutils | CVE-2018-18483 | Snyk,https://www.cve.org/CVERecord?id=CVE-2018-18483,Debian:11,"The get_count function in cplus-dem.c in GNU libiberty, as distributed in GNU Binutils 2.31, allows remote attackers to cause a denial of service (malloc called with the result of an integer-overflowing calculation) or possibly have unspecified other impact via a crafted string, as demonstrated by c++filt."
208,Out-of-bounds Write in bash | CVE-2022-3715 | Snyk,https://www.cve.org/CVERecord?id=CVE-2022-3715,Debian:11,"A flaw was found in the bash package, where a heap-buffer overflow can occur in valid parameter_transform. This issue may lead to memory problems."
209,Improper Verification of Cryptographic Signature in apt | CVE-2011-3374 | Snyk,https://www.cve.org/CVERecord?id=CVE-2011-3374,Debian:11,"It was found that apt-key in apt, all versions, do not correctly validate gpg keys with the master keyring, leading to a potential man-in-the-middle attack."
210,Cross-site Scripting (XSS) in apache2 | CVE-2003-1581 | Snyk,https://www.cve.org/CVERecord?id=CVE-2003-1581,Debian:11,"The Apache HTTP Server 2.0.44, when DNS resolution is enabled for client IP addresses, allows remote attackers to inject arbitrary text into log files via an HTTP request in conjunction with a crafted DNS response, as demonstrated by injecting XSS sequences, related to an ""Inverse Lookup Log Corruption (ILLC)"" issue."
211,Session Fixation in apache2 | CVE-2001-1534 | Snyk,https://www.cve.org/CVERecord?id=CVE-2001-1534,Debian:11,"mod_usertrack in Apache 1.3.11 through 1.3.20 generates session ID's using predictable information including host IP address, system time and server process ID, which allows local users to obtain session ID's and bypass authentication when these session ID's are used for authentication."
212,Arbitrary Code Injection in apache2 | CVE-2008-0456 | Snyk,https://www.cve.org/CVERecord?id=CVE-2008-0456,Debian:11,"CRLF injection vulnerability in the mod_negotiation module in the Apache HTTP Server 2.2.6 and earlier in the 2.2.x series, 2.0.61 and earlier in the 2.0.x series, and 1.3.39 and earlier in the 1.3.x series allows remote authenticated users to inject arbitrary HTTP headers and conduct HTTP response splitting attacks by uploading a file with a multi-line name containing HTTP header sequences and a file extension, which leads to injection within a (1) ""406 Not Acceptable"" or (2) ""300 Multiple Choices"" HTTP response when the extension is omitted in a request for the file."
213,Numeric Errors in apache2 | CVE-2003-1580 | Snyk,https://www.cve.org/CVERecord?id=CVE-2003-1580,Debian:11,"The Apache HTTP Server 2.0.44, when DNS resolution is enabled for client IP addresses, uses a logging format that does not identify whether a dotted quad represents an unresolved IP address, which allows remote attackers to spoof IP addresses via crafted DNS responses containing numerical top-level domains, as demonstrated by a forged 123.123.123.123 domain name, related to an ""Inverse Lookup Log Corruption (ILLC)"" issue."
214,CVE-2003-1307 in apache2 | CVE-2003-1307 | Snyk,https://www.cve.org/CVERecord?id=CVE-2003-1307,Debian:11,"** DISPUTED **  The mod_php module for the Apache HTTP Server allows local users with write access to PHP scripts to send signals to the server's process group and use the server's file descriptors, as demonstrated by sending a STOP signal, then intercepting incoming connections on the server's TCP port.  NOTE: the PHP developer has disputed this vulnerability, saying ""The opened file descriptors are opened by Apache. It is the job of Apache to protect them ... Not a bug in PHP."""
215,CVE-2007-1743 in apache2 | CVE-2007-1743 | Snyk,https://www.cve.org/CVERecord?id=CVE-2007-1743,Debian:11,"suexec in Apache HTTP Server (httpd) 2.2.3 does not verify combinations of user and group IDs on the command line, which might allow local users to leverage other vulnerabilities to create arbitrary UID/GID owned files if /proc is mounted.  NOTE: the researcher, who is reliable, claims that the vendor disputes the issue because ""the attacks described rely on an insecure server configuration"" in which the user ""has write access to the document root.""  In addition, because this is dependent on other vulnerabilities, perhaps this is resultant and should not be included in CVE."
216,Arbitrary Code Injection in apache2 | CVE-2007-3303 | Snyk,https://www.cve.org/CVERecord?id=CVE-2007-3303,Debian:11,"Apache httpd 2.0.59 and 2.2.4, with the Prefork MPM module, allows local users to cause a denial of service via certain code sequences executed in a worker process that (1) stop request processing by killing all worker processes and preventing creation of replacements or (2) hang the system by forcing the master process to fork an arbitrarily large number of worker processes.  NOTE: This might be an inherent design limitation of Apache with respect to worker processes in hosted environments."
217,Resource Exhaustion in apache2 | CVE-2007-0086 | Snyk,https://www.cve.org/CVERecord?id=CVE-2007-0086,Debian:11,"** DISPUTED **  The Apache HTTP Server, when accessed through a TCP connection with a large window size, allows remote attackers to cause a denial of service (network bandwidth consumption) via a Range header that specifies multiple copies of the same fragment.  NOTE: the severity of this issue has been disputed by third parties, who state that the large window size required by the attack is not normally supported or configured by the server, or that a DDoS-style attack would accomplish the same goal."
218,NULL Pointer Dereference in aom | CVE-2020-36130 | Snyk,https://www.cve.org/CVERecord?id=CVE-2020-36130,Debian:11,AOM v2.0.1 was discovered to contain a NULL pointer dereference via the component av1/av1_dx_iface.c.
219,Buffer Overflow in aom | CVE-2020-36133 | Snyk,https://www.cve.org/CVERecord?id=CVE-2020-36133,Debian:11,AOM v2.0.1 was discovered to contain a global buffer overflow via the component av1/encoder/partition_search.h.
220,NULL Pointer Dereference in aom | CVE-2020-36135 | Snyk,https://www.cve.org/CVERecord?id=CVE-2020-36135,Debian:11,AOM v2.0.1 was discovered to contain a NULL pointer dereference via the component rate_hist.c.
221,Out-of-bounds Write in aom | CVE-2020-36131 | Snyk,https://www.cve.org/CVERecord?id=CVE-2020-36131,Debian:11,AOM v2.0.1 was discovered to contain a stack buffer overflow via the component stats/rate_hist.c.
222,Out-of-bounds Write in tiff | CVE-2022-3626 | Snyk,https://www.cve.org/CVERecord?id=CVE-2022-3626,Debian:11,"LibTIFF 4.4.0 has an out-of-bounds write in _TIFFmemset in libtiff/tif_unix.c:340 when called from processCropSelections, tools/tiffcrop.c:7619, allowing attackers to cause a denial-of-service via a crafted tiff file. For users that compile libtiff from sources, the fix is available with commit 236b7191."
223,Out-of-bounds Write in tiff | CVE-2022-3597 | Snyk,https://www.cve.org/CVERecord?id=CVE-2022-3597,Debian:11,"LibTIFF 4.4.0 has an out-of-bounds write in _TIFFmemcpy in libtiff/tif_unix.c:346 when called from extractImageSection, tools/tiffcrop.c:6826, allowing attackers to cause a denial-of-service via a crafted tiff file. For users that compile libtiff from sources, the fix is available with commit 236b7191."
224,Out-of-bounds Write in tiff | CVE-2022-3627 | Snyk,https://www.cve.org/CVERecord?id=CVE-2022-3627,Debian:11,"LibTIFF 4.4.0 has an out-of-bounds write in _TIFFmemcpy in libtiff/tif_unix.c:346 when called from extractImageSection, tools/tiffcrop.c:6860, allowing attackers to cause a denial-of-service via a crafted tiff file. For users that compile libtiff from sources, the fix is available with commit 236b7191."
225,Out-of-bounds Write in tiff | CVE-2022-3598 | Snyk,https://www.cve.org/CVERecord?id=CVE-2022-3598,Debian:11,"LibTIFF 4.4.0 has an out-of-bounds write in extractContigSamplesShifted24bits in tools/tiffcrop.c:3604, allowing attackers to cause a denial-of-service via a crafted tiff file. For users that compile libtiff from sources, the fix is available with commit cfbb883b."
226,Out-of-bounds Write in tiff | CVE-2022-3570 | Snyk,https://www.cve.org/CVERecord?id=CVE-2022-3570,Debian:11,"Multiple heap buffer overflows in tiffcrop.c utility in libtiff library Version 4.4.0 allows attacker to trigger unsafe or out of bounds memory access via crafted TIFF image file which could result into application crash, potential information disclosure or any other context-dependent impact"
227,Out-of-bounds Read in tiff | CVE-2022-3599 | Snyk,https://www.cve.org/CVERecord?id=CVE-2022-3599,Debian:11,"LibTIFF 4.4.0 has an out-of-bounds read in writeSingleSection in tools/tiffcrop.c:7345, allowing attackers to cause a denial-of-service via a crafted tiff file. For users that compile libtiff from sources, the fix is available with commit e8131125."
228,Out-of-bounds Write in libde265 | CVE-2022-43244 | Snyk,https://www.cve.org/CVERecord?id=CVE-2022-43244,Debian:11,Libde265 v1.0.8 was discovered to contain a heap-buffer-overflow vulnerability via put_qpel_fallback<unsigned short> in fallback-motion.cc. This vulnerability allows attackers to cause a Denial of Service (DoS) via a crafted video file.
229,CVE-2022-43245 in libde265 | CVE-2022-43245 | Snyk,https://www.cve.org/CVERecord?id=CVE-2022-43245,Debian:11,Libde265 v1.0.8 was discovered to contain a segmentation violation via apply_sao_internal<unsigned short> in sao.cc. This vulnerability allows attackers to cause a Denial of Service (DoS) via a crafted video file.
230,Out-of-bounds Write in libde265 | CVE-2022-43237 | Snyk,https://www.cve.org/CVERecord?id=CVE-2022-43237,Debian:11,Libde265 v1.0.8 was discovered to contain a stack-buffer-overflow vulnerability via void put_epel_hv_fallback<unsigned short> in fallback-motion.cc. This vulnerability allows attackers to cause a Denial of Service (DoS) via a crafted video file.
231,Out-of-bounds Write in libde265 | CVE-2022-43252 | Snyk,https://www.cve.org/CVERecord?id=CVE-2022-43252,Debian:11,Libde265 v1.0.8 was discovered to contain a heap-buffer-overflow vulnerability via put_epel_16_fallback in fallback-motion.cc. This vulnerability allows attackers to cause a Denial of Service (DoS) via a crafted video file.
232,Out-of-bounds Write in libde265 | CVE-2022-43241 | Snyk,https://www.cve.org/CVERecord?id=CVE-2022-43241,Debian:11,Libde265 v1.0.8 was discovered to contain an unknown crash via ff_hevc_put_hevc_qpel_v_3_8_sse in sse-motion.cc. This vulnerability allows attackers to cause a Denial of Service (DoS) via a crafted video file.
233,Out-of-bounds Write in libde265 | CVE-2022-43253 | Snyk,https://www.cve.org/CVERecord?id=CVE-2022-43253,Debian:11,Libde265 v1.0.8 was discovered to contain a heap-buffer-overflow vulnerability via put_unweighted_pred_16_fallback in fallback-motion.cc. This vulnerability allows attackers to cause a Denial of Service (DoS) via a crafted video file.
234,Out-of-bounds Write in libde265 | CVE-2022-43240 | Snyk,https://www.cve.org/CVERecord?id=CVE-2022-43240,Debian:11,Libde265 v1.0.8 was discovered to contain a heap-buffer-overflow vulnerability via ff_hevc_put_hevc_qpel_h_2_v_1_sse in sse-motion.cc. This vulnerability allows attackers to cause a Denial of Service (DoS) via a crafted video file.
235,Out-of-bounds Write in libde265 | CVE-2022-43236 | Snyk,https://www.cve.org/CVERecord?id=CVE-2022-43236,Debian:11,Libde265 v1.0.8 was discovered to contain a stack-buffer-overflow vulnerability via put_qpel_fallback<unsigned short> in fallback-motion.cc. This vulnerability allows attackers to cause a Denial of Service (DoS) via a crafted video file.
236,Out-of-bounds Write in libde265 | CVE-2022-43243 | Snyk,https://www.cve.org/CVERecord?id=CVE-2022-43243,Debian:11,Libde265 v1.0.8 was discovered to contain a heap-buffer-overflow vulnerability via ff_hevc_put_weighted_pred_avg_8_sse in sse-motion.cc. This vulnerability allows attackers to cause a Denial of Service (DoS) via a crafted video file.
237,Out-of-bounds Write in libde265 | CVE-2022-43239 | Snyk,https://www.cve.org/CVERecord?id=CVE-2022-43239,Debian:11,Libde265 v1.0.8 was discovered to contain a heap-buffer-overflow vulnerability via mc_chroma<unsigned short> in motion.cc. This vulnerability allows attackers to cause a Denial of Service (DoS) via a crafted video file.
238,Out-of-bounds Write in libde265 | CVE-2022-43249 | Snyk,https://www.cve.org/CVERecord?id=CVE-2022-43249,Debian:11,Libde265 v1.0.8 was discovered to contain a heap-buffer-overflow vulnerability via put_epel_hv_fallback<unsigned short> in fallback-motion.cc. This vulnerability allows attackers to cause a Denial of Service (DoS) via a crafted video file.
239,Out-of-bounds Write in libde265 | CVE-2022-43242 | Snyk,https://www.cve.org/CVERecord?id=CVE-2022-43242,Debian:11,Libde265 v1.0.8 was discovered to contain a heap-buffer-overflow vulnerability via mc_luma<unsigned char> in motion.cc. This vulnerability allows attackers to cause a Denial of Service (DoS) via a crafted video file.
240,Out-of-bounds Write in libde265 | CVE-2022-43250 | Snyk,https://www.cve.org/CVERecord?id=CVE-2022-43250,Debian:11,Libde265 v1.0.8 was discovered to contain a heap-buffer-overflow vulnerability via put_qpel_0_0_fallback_16 in fallback-motion.cc. This vulnerability allows attackers to cause a Denial of Service (DoS) via a crafted video file.
241,CVE-2022-43238 in libde265 | CVE-2022-43238 | Snyk,https://www.cve.org/CVERecord?id=CVE-2022-43238,Debian:11,Libde265 v1.0.8 was discovered to contain an unknown crash via ff_hevc_put_hevc_qpel_h_3_v_3_sse in sse-motion.cc. This vulnerability allows attackers to cause a Denial of Service (DoS) via a crafted video file.
242,Out-of-bounds Write in libde265 | CVE-2022-43235 | Snyk,https://www.cve.org/CVERecord?id=CVE-2022-43235,Debian:11,Libde265 v1.0.8 was discovered to contain a heap-buffer-overflow vulnerability via ff_hevc_put_hevc_epel_pixels_8_sse in sse-motion.cc. This vulnerability allows attackers to cause a Denial of Service (DoS) via a crafted video file.
243,Out-of-bounds Write in libde265 | CVE-2022-43248 | Snyk,https://www.cve.org/CVERecord?id=CVE-2022-43248,Debian:11,Libde265 v1.0.8 was discovered to contain a heap-buffer-overflow vulnerability via put_weighted_pred_avg_16_fallback in fallback-motion.cc. This vulnerability allows attackers to cause a Denial of Service (DoS) via a crafted video file.
244,Cleartext Transmission of Sensitive Information in curl | CVE-2022-42916 | Snyk,https://www.cve.org/CVERecord?id=CVE-2022-42916,Debian:11,"In curl before 7.86.0, the HSTS check could be bypassed to trick it into staying with HTTP. Using its HSTS support, curl can be instructed to use HTTPS directly (instead of using an insecure cleartext HTTP step) even when HTTP is provided in the URL. This mechanism could be bypassed if the host name in the given URL uses IDN characters that get replaced with ASCII counterparts as part of the IDN conversion, e.g., using the character UTF-8 U+3002 (IDEOGRAPHIC FULL STOP) instead of the common ASCII full stop of U+002E (.). The earliest affected version is 7.77.0 2021-05-26."
245,Out-of-bounds Write in aom | CVE-2020-0478 | Snyk,https://www.cve.org/CVERecord?id=CVE-2020-0478,Debian:11,"In extend_frame_lowbd of restoration.c, there is a possible out of bounds write due to a missing bounds check. This could lead to local escalation of privilege with no additional execution privileges needed. User interaction is needed for exploitation.Product: AndroidVersions: Android-11Android ID: A-150780418"
246,Numeric Errors in tiff | CVE-2022-3970 | Snyk,https://www.cve.org/CVERecord?id=CVE-2022-3970,Debian:11,A vulnerability was found in LibTIFF. It has been classified as critical. This affects the function TIFFReadRGBATileExt of the file libtiff/tif_getimage.c. The manipulation leads to integer overflow. It is possible to initiate the attack remotely. The exploit has been disclosed to the public and may be used. The name of the patch is 227500897dfb07fb7d27f7aa570050e62617e3be. It is recommended to apply a patch to fix this issue. The identifier VDB-213549 was assigned to this vulnerability.
247,Exposure of Resource to Wrong Sphere in curl | CVE-2022-32221 | Snyk,https://www.cve.org/CVERecord?id=CVE-2022-32221,Debian:11,"When doing HTTP(S) transfers, libcurl might erroneously use the read callback (CURLOPT_READFUNCTION) to ask for data to send, even when the CURLOPT_POSTFIELDS option has been set, if the same handle previously was used to issue a PUT request which used that callback. This flaw may surprise the application and cause it to misbehave and either send off the wrong data or use memory after free or similar in the subsequent POST request. The problem exists in the logic for a reused handle when it is changed from a PUT to a POST."
248,Release of Invalid Pointer or Reference in aom | CVE-2021-30473 | Snyk,https://www.cve.org/CVERecord?id=CVE-2021-30473,Debian:11,aom_image.c in libaom in AOMedia before 2021-04-07 frees memory that is not located on the heap.
249,Use After Free in aom | CVE-2021-30474 | Snyk,https://www.cve.org/CVERecord?id=CVE-2021-30474,Debian:11,aom_dsp/grain_table.c in libaom in AOMedia before 2021-03-30 has a use-after-free.
250,Buffer Overflow in aom | CVE-2021-30475 | Snyk,https://www.cve.org/CVERecord?id=CVE-2021-30475,Debian:11,aom_dsp/noise_model.c in libaom in AOMedia before 2021-03-24 has a buffer overflow.
